{
    "best_params": {
        "n_estimators": 300,
        "max_depth": 9,
        "min_samples_split": 16,
        "min_samples_leaf": 1,
        "max_features": "log2",
        "class_weight": "balanced",
        "random_state": 42,
        "n_jobs": -1
    },
    "best_cv_f1": 0.6360974359199625,
    "baseline": {
        "accuracy": 0.7714691270404542,
        "precision": 0.553941908713693,
        "recall": 0.713903743315508,
        "f1": 0.6238317757009346,
        "roc_auc": 0.8385142990002326
    },
    "tuned": {
        "accuracy": 0.7636621717530163,
        "precision": 0.539047619047619,
        "recall": 0.7566844919786097,
        "f1": 0.6295884315906563,
        "roc_auc": 0.8428207910305096
    }
}