{
    "LogisticRegression": {
        "accuracy": 0.7395315826827538,
        "precision": 0.505982905982906,
        "recall": 0.7914438502673797,
        "f1": 0.6173096976016684,
        "roc_auc": 0.8412565553230515
    },
    "RandomForest": {
        "accuracy": 0.7714691270404542,
        "precision": 0.553941908713693,
        "recall": 0.713903743315508,
        "f1": 0.6238317757009346,
        "roc_auc": 0.8385142990002326
    },
    "GradientBoosting": {
        "accuracy": 0.7487579843860894,
        "precision": 0.518796992481203,
        "recall": 0.7379679144385026,
        "f1": 0.609271523178808,
        "roc_auc": 0.8339378439122684
    },
    "SVC": {
        "accuracy": 0.6678495386799148,
        "precision": 0.41263940520446096,
        "recall": 0.5935828877005348,
        "f1": 0.4868421052631579,
        "roc_auc": 0.7338810095843344
    }
}