{
  "best_model": "GradientBoosting",
  "models": {
    "LogisticRegression": {
      "accuracy": 0.7388218594748048,
      "precision": 0.5050675675675675,
      "recall": 0.7994652406417112,
      "f1": 0.6190476190476191,
      "roc_auc": 0.8414451419566508
    },
    "RandomForest": {
      "accuracy": 0.7679205110007097,
      "precision": 0.5482546201232033,
      "recall": 0.713903743315508,
      "f1": 0.6202090592334495,
      "roc_auc": 0.8401082435609291
    },
    "GradientBoosting": {
      "accuracy": 0.7579843860894251,
      "precision": 0.5311909262759924,
      "recall": 0.7513368983957219,
      "f1": 0.6223698781838317,
      "roc_auc": 0.8352876592007027
    },
    "SVC": {
      "accuracy": 0.6678495386799148,
      "precision": 0.41263940520446096,
      "recall": 0.5935828877005348,
      "f1": 0.4868421052631579,
      "roc_auc": 0.7338241752564003
    }
  }
}